{
  "train_loss": [
    1.2787414956092835,
    1.1627719836235046,
    1.0957155122756959,
    1.0656673603057862,
    1.0325408005714416,
    0.9860203943252563,
    0.9543779144287109,
    0.9002880110740662,
    0.8733796491622925,
    0.7852338984012603,
    0.7055285716056824,
    0.5919201889038086,
    0.4874356988668442,
    0.4013045201301575,
    0.31174281668663023,
    0.25578662943840025,
    0.1859019115269184,
    0.14756515112519264,
    0.13363688160479067,
    0.09079017635434866,
    0.0677048753015697,
    0.04058499891124666,
    0.042512458108365535,
    0.028701056907884777,
    0.021746805161703377,
    0.01853041313542053,
    0.012284022706560791,
    0.014432792984880507,
    0.012142876686062664,
    0.007954639111179858
  ],
  "val_acc": [
    0.543,
    0.554,
    0.541,
    0.573,
    0.559,
    0.559,
    0.581,
    0.536,
    0.551,
    0.555,
    0.558,
    0.485,
    0.564,
    0.539,
    0.539,
    0.508,
    0.516,
    0.548,
    0.534,
    0.548,
    0.558,
    0.527,
    0.539,
    0.56,
    0.551,
    0.545,
    0.545,
    0.543,
    0.543,
    0.545
  ]
}